,id,name,Bag_of_words
0,1,Proyectos Bonilla y Carreón,man pay down point bit throughout part several model middle over mention nothing large that less order south despite amount green process perhaps road building although give travel health stay national reflect remain nearly fill bed moment run say include gas hand young nature site gun why every agricultor md cura médica enfermedad administrar panacea medicina espacial fisioterapia anticolinesterasa venesect disulfiram sentir cuidado integrador sangría institutos copa bloqueador mágico antidiabético médico profesor universitario obtener productos químicos universitarios expectorador fármaco antidiurético venta libre devopsingeniero telecomunicaciones mymemory warning you used all available free translations for today next in 16 hours 19 minutes 10 seconds visit https :// translated net doc usagelimits php to translate more diseñador durango
1,2,Esparza y Ruelas S.A.,rate little job natural two four market black tough small green man leg safe western result history court both professor phone force plan green character everybody you involve just father miss public degree usually others two beat paper yes role third large dinner perform region now whole much nothing international minute test development author class allow treat bill want difficult his loss base ingeniero civil tecnología médica farmacia dosificación sanguijuela medicina tradicional farmacología médico antisifilítico oncología aliviar catatónico paregórico ziloprim patología diagnósticos cóctel atómico medicamentos cirugía latino pseudomédico trabajo espejo curativo anti premedicación estudio recetados ciencia fundamental arquitectocurador museos mymemory warning you used all available free translations for today next in 16 hours 19 minutes 11 seconds visit https :// translated net doc usagelimits php to translate more musico ciudad de mexico
2,3,Espino y Mayorga e Hijos,bank blood beautiful attack large upon law capital war each occur paper standard economy worry place participant require teach child real two able surface foot pretty study door card decide happy beat into activity him above side my young type policy chance party meeting born chair establish authority air writer marriage now least rich dream beyond step result up organization particularly say sure whose low entrevistador investigaciones mymemory warning you used all available free translations for today next in 16 hours 19 minutes 12 seconds visit https :// translated net doc usagelimits php to translate more mesero nuevo leon
3,4,Mateo y Carreón S. R.L. de C.V.,with technology simply still scene ahead my clearly voice itself nothing per plan employee which stock attention market leave reduce color future design left exactly sense account smile gun again attention rich money color sport rather kid american break sometimes enough memory address amount tv own coahuila
4,5,"Proyectos Medrano, de Anda y Rael",majority day risk accept race some difficult same well figure manager rate data now catch agency few as establish throw drive budget threat see spring positive control already unit allow end interest expect option future sister draw stand address cultural sense color decide country money win down american secretario ejecutivo aprender lenguaje programación arquitectura ordenadores ciencias computación lenguajes disponibles codificar software plataforma programas terceros curso palabra alfa archivo prueba programadores nube productos infraestructura adobe programa puter motor analítico mainframe descargar video documentación bibliotecas medico zacatecas
5,6,Quezada y Saldivar e Hijos,rest baby year reveal pattern box make land actually option medical skin world stuff eat heavy study pretty later number thing fight into among project new draw within source cause well writer chair improve natural career fight raise under here remain people worker this author save fast plant discussion cut with bombero mymemory warning you used all available free translations for today next in 16 hours 19 minutes 13 seconds visit https :// translated net doc usagelimits php to translate more vendedor sonora
6,7,Club Sarabia y Zedillo,against member past herself surface hold better later him heart figure direction day take suffer shoulder chance entire consumer once power leave yet avoid visit none education partner after program floor month four toward specific physical radio pm election rather culture billion data environment cell character major conference you accept difficult leader can large office more ask work sing sport miss our morning meet occur hour hit protect actually or ciudad de mexico
7,8,"Miranda, Razo y Almanza",window list necessary surface continue bill hour region brother section range society note series return method vote reality up western throw itself reach force look hundred name production south certain necessary blood child few weight move fire window arrive level window off explain cup effect adult training eat scene old amount offer since subject recepcionista red carteras kaspersky erp estación trabajo insp características codificación impresora adware ada lovelace versión proveedor aprender programa biblioteca servicio edición empresarial mac x cybersavvy beta software ventanas metaprograma controladores eclipse interfaces usuario enlazador mecánico móvil desarrollador morelos
8,9,Valencia-Espinal S.C.,pattern add moment beautiful protect pay support central seem talk everybody author american just help sister difference site water theory newspaper team whose employee send window black join expert beautiful quite evidence detail probably deal follow not stock hand however seem bag consider example well guy along empacador manual flebotomizar químico ziloprim estíptico antisifilítico purgativo vendaje antiemético tiamulina síntomas terapéuticos alergista farmacia minorista inmunizar higiene esculapio fármaco credencial física virólogo enfermedad ciencias biomédicas neurología remedios recuperación inocor patente profesor medicina auxiliar guanajuato
9,10,Espino e Hijos,energy mention network whole hear can national foot note allow include hour task if off go performance loss represent almost necessary under special field each dream miss stand brother because hold number real animal market notice pick camera push agency ability public continue gun hospital daughter glass rate new majority keep weight much still during response consider chance trabajador cuidados personales resucitar alguien fármaco astringente podología dosis latina plavix bloqueador inespecífico medicina preventiva hematínica práctica rehabilitación iatrofísica laxante febrífugo estudiado médico analgésicos curar enfermedad cornell humorismo recuperación batalla quemadura abortiva animal vermífugo tiamulina contador michoacan
10,11,Mariana,empresa tecnologias informacion empresa tecnologias informacion empresa tecnologias informacion desallorador informatica empresa tecnologias informacion desarrollador aguascalientes
