,id,name,about,mission,vision,location,roles
0,1,Proyectos Bonilla y Carreón,Man pay down point bit throughout part several model middle over mention nothing large that.,Less order south despite amount green process perhaps road building although give travel health stay national reflect remain.,Nearly fill bed moment run say include gas hand young nature site gun why every.,durango,Agricultor md cura médica enfermedad administrar panacea medicina espacial fisioterapia anticolinesterasa venesect disulfiram sentir cuidado integrador sangría institutos copa bloqueador mágico antidiabético sentir no médico profesor universitario sentir obtener productos químicos universitarios expectorador fármaco antidiurético de venta libre devopsIngeniero en telecomunicaciones MYMEMORY WARNING: YOU USED ALL AVAILABLE FREE TRANSLATIONS FOR TODAY. NEXT AVAILABLE IN  16 HOURS 19 MINUTES 10 SECONDS VISIT HTTPS://MYMEMORY.TRANSLATED.NET/DOC/USAGELIMITS.PHP TO TRANSLATE MORE diseñador
1,2,Esparza y Ruelas S.A.,Rate little job natural two four market black tough small green man leg safe western result.,History court both professor phone force plan green character everybody you involve just father miss public degree usually others two beat paper yes role.,Third large dinner perform region now whole much nothing international minute test development author class allow treat bill want difficult his loss base.,ciudad de mexico,Ingeniero civil tecnología médica farmacia dosificación sanguijuela medicina tradicional farmacología médico antisifilítico oncología aliviar catatónico paregórico ziloprim patología diagnósticos cóctel atómico medicamentos cirugía médico latino médico médico pseudomédico trabajo espejo curativo anti premedicación estudio medicamentos recetados ciencia fundamental arquitectoCurador de museos MYMEMORY WARNING: YOU USED ALL AVAILABLE FREE TRANSLATIONS FOR TODAY. NEXT AVAILABLE IN  16 HOURS 19 MINUTES 11 SECONDS VISIT HTTPS://MYMEMORY.TRANSLATED.NET/DOC/USAGELIMITS.PHP TO TRANSLATE MORE musico
2,3,Espino y Mayorga e Hijos,Bank blood beautiful attack large upon law capital war each occur paper standard economy worry place participant require teach child real two able.,Surface foot pretty study door card decide happy beat into activity him above side my young type.,Policy chance party meeting born chair establish authority air writer marriage now least marriage rich dream beyond step result up organization particularly say sure whose low chair.,nuevo leon,Entrevistador de investigaciones de MYMEMORY WARNING: YOU USED ALL AVAILABLE FREE TRANSLATIONS FOR TODAY. NEXT AVAILABLE IN  16 HOURS 19 MINUTES 12 SECONDS VISIT HTTPS://MYMEMORY.TRANSLATED.NET/DOC/USAGELIMITS.PHP TO TRANSLATE MORE mesero
3,4,Mateo y Carreón S. R.L. de C.V.,With technology simply still scene ahead my clearly voice itself nothing per plan employee no which stock attention market leave reduce color future design.,Left exactly sense account smile gun again no attention rich no money.,Color sport rather kid American break sometimes enough memory address amount TV own.,coahuila,
4,5,"Proyectos Medrano, de Anda y Rael",Majority day risk accept race some difficult same well figure manager rate data.,Now catch agency few as establish throw drive budget threat see spring positive control already unit allow end interest expect option future.,Sister draw stand address cultural no sense color decide country money win down American.,zacatecas,Secretario ejecutivo aprender lenguaje de programación arquitectura de ordenadores ciencias de la computación lenguajes disponibles codificar software plataforma de programas de terceros curso arquitectura de ordenadores palabra alfa archivo de prueba programadores en la nube productos infraestructura adobe programa puter motor analítico mainframe descargar video documentación bibliotecas adobe medico
5,6,Quezada y Saldivar e Hijos,Rest baby year reveal pattern box make land actually option medical skin world stuff eat heavy study pretty later number thing fight into.,Among project new draw within source cause well writer chair improve natural career fight raise under.,Here remain people worker this author save fast plant discussion cut with.,sonora,Bombero MYMEMORY WARNING: YOU USED ALL AVAILABLE FREE TRANSLATIONS FOR TODAY. NEXT AVAILABLE IN  16 HOURS 19 MINUTES 13 SECONDS VISIT HTTPS://MYMEMORY.TRANSLATED.NET/DOC/USAGELIMITS.PHP TO TRANSLATE MORE vendedor
6,7,Club Sarabia y Zedillo,Against member past herself surface hold better later him heart a figure direction day take suffer shoulder chance entire consumer once.,Power leave yet avoid visit none education partner after program floor month four toward specific physical radio PM election rather culture billion data environment cell character major.,Conference you accept difficult leader leader can large office more ask work sing sport miss our morning meet occur hour hit protect actually or.,ciudad de mexico,
7,8,"Miranda, Razo y Almanza",Window list necessary surface continue bill hour region brother section range society note series return.,Method vote reality up western throw itself a reach force look hundred name production south certain necessary blood child few weight move fire window.,Arrive level window off explain cup effect adult training eat scene old amount offer since subject.,morelos,Recepcionista red de carteras kaspersky erp estación de trabajo Insp características de codificación características de impresora adware ada lovelace versión proveedor aprender programa biblioteca servicio edición empresarial programa mac os x. cybersavvy beta software ventanas metaprograma controladores de eclipse interfaces de usuario enlazador mecánico móvil desarrollador
8,9,Valencia-Espinal S.C.,Pattern add moment beautiful protect pay support central seem talk everybody author American just help.,Sister difference site water theory newspaper team whose employee send window black join expert.,Beautiful quite evidence detail probably deal follow not stock hand however seem bag consider example well guy along.,guanajuato,Empacador manual flebotomizar químico ziloprim estíptico antisifilítico purgativo vendaje antiemético tiamulina síntomas terapéuticos alergista farmacia minorista inmunizar farmacia higiene esculapio fármaco credencial física virólogo enfermedad farmacia minorista ciencias biomédicas neurología remedios recuperación inocor patente profesor de medicina auxiliar
9,10,Espino e Hijos,Energy mention network whole hear can national foot note allow include hour task if off go performance loss represent almost.,Necessary under special field each dream miss stand brother because hold number real animal market notice pick camera push agency ability.,Public continue gun hospital daughter glass son rate new majority keep weight much still during response daughter consider chance.,michoacan,Trabajador de cuidados personales e resucitar a alguien fármaco astringente podología dosis latina plavix bloqueador inespecífico medicina preventiva hematínica otra práctica de rehabilitación iatrofísica laxante febrífugo estudiado médico analgésicos curar enfermedad cornell humorismo recuperación batalla enfermedad quemadura abortiva dosis animal vermífugo tiamulina contador
10,11,Mariana,empresa de tecnologias de la informacion,empresa de tecnologias de la informacion,empresa de tecnologias de la informacion,aguascalientes,Desallorador informatica empresa de tecnologias de la informacion desarrollador
